id,application_url,company_name,employment_type,employment_hour_type,plain_text_description,html_description,publication_time,source,title,location,salary,salary_currency,salary_min_salary,salary_max_salary,salary_salary_type
1.80839E+19,https://www.google.com.br/search?ibp=htl;jobs&q=Cybersecurity&htidocid=lo0R11IadMn7aWq_AAAAAA%3D%3D&hl=en-US&shndl=-1&shem=vslcca&source=sh/x/job/li/m1/1#fpstate=tldetail&htivrt=jobs&htiq=Cybersecurity&htidocid=lo0R11IadMn7aWq_AAAAAA%3D%3D,,Contractor,Full-time,"Northwest Partners is looking to hire an experienced IT Security Specialist to work on a project with one of our premier clients in the technology industry. This role involves providing cyber security services at both server and desktop levels. You will monitor, maintain, and enhance cyber security across websites, databases, servers, networks, and desktops. Your primary objective will be to protect sensitive data and ensure systems remain secure from external threats, while proactively identifying and addressing risks. Applicants must be able to work for any US employer without additional work visa sponsorship.

What YOU will do
• Maintain and enhance website security infrastructure.
• Monitor network activity for security incidents and investigate violations.
• Conduct regular security assessments, diagnostics, and data analysis to detect threats, and recommend solutions.
• Maintain and enhance firewalls and other security measures across systems.
• Make recommendations regarding software and hardware to improve data security.
• Stay informed on emerging viruses, malware, and cyber-criminal tactics.
• Aid in developing and implementing security policies, procedures, and standards.
• Maintain and enhance antivirus software at the server and desktop level.
• Respond to security breaches, manage incidents, and limit data loss.
• Write detailed reports on diagnostic findings and cyber attack incidents.
• Assist with office security systems.
• Provide technical support to staff on security systems.

What YOU will bring us
• Bachelor's degree in Computer Science or related field.
• Proven experience as an IT Security Specialist or similar role.
• Strong knowledge of IT security best practices and standards.
• Strong knowledge of Cloudflare.
• Proficiency in both Windows and Mac environments.
• Analytical skills to interpret complex data sets and identify security threats.
• Excellent problem-solving, time management, and observational skills.
• Strong communication skills for reporting and discussing security matters.
• Integrity, patience, and a proactive approach to security.

Benefits Include

Health Insurance, Vision Insurance, Dental Insurance, Short-term Disability, Long-term Disability, Life Insurance, Education Benefits, and more.

About Northwest Partners

Northwest Partners is an equal opportunity employer. At Northwest Partners, we are dedicated to moving at the speed of innovation. We work with clients across the globe to provide exceptional knowledge, talent, and resources. As a trusted partner, we merge the client's vision with our expertise to deliver powerful results. Northwest Partners is known for building and managing elite teams in technology across diverse industries. Our mission is to empower every talent and every client to achieve more.

Learn More About Northwest Partners

Northwest Partners is dedicated to moving at the speed of its clients innovation. We work with clients across the globe to provide exceptional knowledge, talent, and resources. As a trusted partner, we merge the client vision with our expertise to deliver powerful results. Northwest Partners is known for building and managing elite teams in technology across diverse industries. Our mission is to empower every talent and every client to achieve more.","<p>Northwest Partners is looking to hire an experienced IT Security Specialist to work on a project with one of our premier clients in the technology industry. This role involves providing cyber security services at both server and desktop levels. You will monitor, maintain, and enhance cyber security across websites, databases, servers, networks, and desktops. Your primary objective will be to protect sensitive data and ensure systems remain secure from external threats, while proactively identifying and addressing risks. Applicants must be able to work for any US employer without additional work visa sponsorship.</p><p>What YOU will do</p><ul><li>Maintain and enhance website security infrastructure.</li><li>Monitor network activity for security incidents and investigate violations.</li><li>Conduct regular security assessments, diagnostics, and data analysis to detect threats, and recommend solutions.</li><li>Maintain and enhance firewalls and other security measures across systems.</li><li>Make recommendations regarding software and hardware to improve data security.</li><li>Stay informed on emerging viruses, malware, and cyber-criminal tactics.</li><li>Aid in developing and implementing security policies, procedures, and standards.</li><li>Maintain and enhance antivirus software at the server and desktop level.</li><li>Respond to security breaches, manage incidents, and limit data loss.</li><li>Write detailed reports on diagnostic findings and cyber attack incidents.</li><li>Assist with office security systems.</li><li>Provide technical support to staff on security systems.</li></ul><p>What YOU will bring us</p><ul><li>Bachelor's degree in Computer Science or related field.</li><li>Proven experience as an IT Security Specialist or similar role.</li><li>Strong knowledge of IT security best practices and standards.</li><li>Strong knowledge of Cloudflare.</li><li>Proficiency in both Windows and Mac environments.</li><li>Analytical skills to interpret complex data sets and identify security threats.</li><li>Excellent problem-solving, time management, and observational skills.</li><li>Strong communication skills for reporting and discussing security matters.</li><li>Integrity, patience, and a proactive approach to security.</li></ul><p>Benefits Include</p><p>Health Insurance, Vision Insurance, Dental Insurance, Short-term Disability, Long-term Disability, Life Insurance, Education Benefits, and more.</p><p>About Northwest Partners</p><p>Northwest Partners is an equal opportunity employer. At Northwest Partners, we are dedicated to moving at the speed of innovation. We work with clients across the globe to provide exceptional knowledge, talent, and resources. As a trusted partner, we merge the client's vision with our expertise to deliver powerful results. Northwest Partners is known for building and managing elite teams in technology across diverse industries. Our mission is to empower every talent and every client to achieve more.</p><p>Learn More About Northwest Partners</p><p>Northwest Partners is dedicated to moving at the speed of its clients innovation. We work with clients across the globe to provide exceptional knowledge, talent, and resources. As a trusted partner, we merge the client vision with our expertise to deliver powerful results. Northwest Partners is known for building and managing elite teams in technology across diverse industries. Our mission is to empower every talent and every client to achieve more.</p>",2024-09-11T01:32:03.694Z,,Cybersecurity Specialist - Cloudflare Northwest Partners Anywhere • via LinkedIn,,,,,,
4.52043E+18,https://www.google.com.br/search?ibp=htl;jobs&q=Cybersecurity&htidocid=pB9M6yrvQQTCUF3UAAAAAA%3D%3D&hl=en-US&shndl=-1&shem=vslcca&source=sh/x/job/li/m1/1#fpstate=tldetail&htivrt=jobs&htiq=Cybersecurity&htidocid=pB9M6yrvQQTCUF3UAAAAAA%3D%3D,,,,"Description

2024 JBS Cybersecurity Apprenticeship

General Summary: Want to kick-start your career in the food industry? Join our apprenticeship program at JBS Foods! You'll get hands-on experience and help us improve how we work. We'll support your growth and help you find a career path you love. Start now and be part of our mission to feed the world. Your fresh ideas could make a big difference in the global food supply chain!

Responsibilities:
• Help solve basic technical problems.
• Keep notes and simple guides for the services we support.
• Explain technical things in an easy-to-understand way to others.
• Assist other IT team members when needed.
• Provide friendly and helpful support to users.
• Set up and manage user accounts and access.
• Work with the team to understand and follow security rules.
• Assist in setting up and fixing security systems.
• Help look into and report on security issues.
• Other duties as assigned.

What to Expect:
• Engage with our executive leadership team throughout your apprenticeship to gain valuable insights and foster professional growth.
• Gain comprehensive exposure to various aspects of our business, providing a well-rounded understanding of the entire production process.
• Benefit from a dedicated mentor who is committed to your success, offering personalized feedback and coaching.
• Prove your capabilities in a dynamic and rewarding industry.
• Work in a diverse, values-driven environment that prioritizes its people and fosters inclusivity.
• Enhance your technical and business acumen through collaboration with industry experts.
• Participate in regular leadership training sessions led by our world-class development instructors.
• Contribute to impactful projects aligned with key business objectives, with tangible real-world outcomes.
• Accelerate your career growth through early access to our comprehensive development programs.

Qualifications:
• Active enrollment in Greeley District 6 Academies and Pathways programs required
• Minimum age requirement: 16 years
• Dependable transportation essential

The applicant who fills this position will be eligible for the following compensation:
• $17/hour

Please upload class schedule in the cover letter tab.

This Apprenticeship program will be located at the Greeley Corporate Headquarters.

For individuals assigned and/or hired to work in states where it is required by law to include a reasonable estimate of the compensation for any given position, compensation ranges are specific to those states and takes into account various factors that are considered in making compensation decisions, including but not limited to a candidate’s relevant experience, qualifications, skills, competencies, and proficiencies for the role.

We will accept applications for this position until September 17th, 2024.

The Company is dedicated to ensuring a safe and secure environment for our team members and visitors. To assist in achieving that goal, we conduct drug, alcohol, and background checks for all new team members post-offer and prior to the start of employment. The Immigration Reform and Control Act requires that verification of employment eligibility be documented for all new employees by the end of the third day of work.

About us: JBS USA is a leading global provider of diversified, high-quality food products, including a portfolio of well-recognized brands and innovative, easy-to-use food solutions. We process, prepare, package and deliver fresh and value-added premium meat, poultry and retail-ready food products for customers in approximately 100 countries on six continents. We are also the majority shareholder of Pilgrim’s, the largest poultry company in North America. JBS USA employs more than 100,000 team members, and our corporate office is located in beautiful Greeley, Colorado, where our 1,200 team members onsite enjoy more than 300 days of sunshine a year.

Our mission: To be the best in all that we do, completely focused on our business, ensuring the best products and services to our customers, a relationship of trust with our suppliers, profitability for our shareholders and the opportunity of a better future for all of our team members.

Our core values are: Availability, Determination, Discipline, Humility, Ownership, Simplicity, Sincerity

EOE/Vets/Disability","<p>Description</p><p>2024 JBS Cybersecurity Apprenticeship</p><p>General Summary: Want to kick-start your career in the food industry? Join our apprenticeship program at JBS Foods! You'll get hands-on experience and help us improve how we work. We'll support your growth and help you find a career path you love. Start now and be part of our mission to feed the world. Your fresh ideas could make a big difference in the global food supply chain!</p><p>Responsibilities:</p><ul><li>Help solve basic technical problems.</li><li>Keep notes and simple guides for the services we support.</li><li>Explain technical things in an easy-to-understand way to others.</li><li>Assist other IT team members when needed.</li><li>Provide friendly and helpful support to users.</li><li>Set up and manage user accounts and access.</li><li>Work with the team to understand and follow security rules.</li><li>Assist in setting up and fixing security systems.</li><li>Help look into and report on security issues.</li><li>Other duties as assigned.</li></ul><p>What to Expect:</p><ul><li>Engage with our executive leadership team throughout your apprenticeship to gain valuable insights and foster professional growth.</li><li>Gain comprehensive exposure to various aspects of our business, providing a well-rounded understanding of the entire production process.</li><li>Benefit from a dedicated mentor who is committed to your success, offering personalized feedback and coaching.</li><li>Prove your capabilities in a dynamic and rewarding industry.</li><li>Work in a diverse, values-driven environment that prioritizes its people and fosters inclusivity.</li><li>Enhance your technical and business acumen through collaboration with industry experts.</li><li>Participate in regular leadership training sessions led by our world-class development instructors.</li><li>Contribute to impactful projects aligned with key business objectives, with tangible real-world outcomes.</li><li>Accelerate your career growth through early access to our comprehensive development programs.</li></ul><p>Qualifications:</p><ul><li>Active enrollment in Greeley District 6 Academies and Pathways programs required</li><li>Minimum age requirement: 16 years</li><li>Dependable transportation essential</li></ul><p>The applicant who fills this position will be eligible for the following compensation:</p><ul><li>$17/hour</li></ul><p>Please upload class schedule in the cover letter tab.</p><p>This Apprenticeship program will be located at the Greeley Corporate Headquarters.</p><p>For individuals assigned and/or hired to work in states where it is required by law to include a reasonable estimate of the compensation for any given position, compensation ranges are specific to those states and takes into account various factors that are considered in making compensation decisions, including but not limited to a candidate’s relevant experience, qualifications, skills, competencies, and proficiencies for the role.</p><p>We will accept applications for this position until September 17th, 2024.</p><p>The Company is dedicated to ensuring a safe and secure environment for our team members and visitors. To assist in achieving that goal, we conduct drug, alcohol, and background checks for all new team members post-offer and prior to the start of employment. The Immigration Reform and Control Act requires that verification of employment eligibility be documented for all new employees by the end of the third day of work.</p><p>About us: JBS USA is a leading global provider of diversified, high-quality food products, including a portfolio of well-recognized brands and innovative, easy-to-use food solutions. We process, prepare, package and deliver fresh and value-added premium meat, poultry and retail-ready food products for customers in approximately 100 countries on six continents. We are also the majority shareholder of Pilgrim’s, the largest poultry company in North America. JBS USA employs more than 100,000 team members, and our corporate office is located in beautiful Greeley, Colorado, where our 1,200 team members onsite enjoy more than 300 days of sunshine a year.</p><p>Our mission: To be the best in all that we do, completely focused on our business, ensuring the best products and services to our customers, a relationship of trust with our suppliers, profitability for our shareholders and the opportunity of a better future for all of our team members.</p><p>Our core values are: Availability, Determination, Discipline, Humility, Ownership, Simplicity, Sincerity</p><p>EOE/Vets/Disability</p>",2024-09-09T14:32:03.696Z,,"2024 JBS Cybersecurity Apprenticeship JBS Foods Greeley, CO • via JBS Foods Careers",,,USD,17,17,hourly
2.46847E+18,https://www.google.com.br/search?ibp=htl;jobs&q=Cybersecurity&htidocid=fhI-0lXFd4C80ArCAAAAAA%3D%3D&hl=en-US&shndl=-1&shem=vslcca&source=sh/x/job/li/m1/1#fpstate=tldetail&htivrt=jobs&htiq=Cybersecurity&htidocid=fhI-0lXFd4C80ArCAAAAAA%3D%3D,,Employee,Full-time,"Click on ""Learn more about this agency"" button below for IMPORTANT additional information.

The primary purpose of this position is to lead a team which performs assessments of systems and networks and reports on effectiveness of defense-in-depth architecture against vulnerabilities and compliance with published standards.

Organizational location of this position is: 346th Test Squadron (346 TS), 318th Cyberspace Operations Group (318 COG), 67th Cyberspace Wing (67 CW), JBSA-Lackland/Kelly, TX.","<p>Click on ""Learn more about this agency"" button below for IMPORTANT additional information.</p><p>The primary purpose of this position is to lead a team which performs assessments of systems and networks and reports on effectiveness of defense-in-depth architecture against vulnerabilities and compliance with published standards.</p><p>Organizational location of this position is: 346th Test Squadron (346 TS), 318th Cyberspace Operations Group (318 COG), 67th Cyberspace Wing (67 CW), JBSA-Lackland/Kelly, TX.</p>",2024-09-05T14:32:03.699Z,,IT CYBERSECURITY SPECIALIST (INFOSEC) Department of the Air Force - Agency Wide Texas • via USAJobs,,,,,,
8.70628E+18,https://www.google.com.br/search?ibp=htl;jobs&q=Cybersecurity&htidocid=ky-8EQl66e3Zsn8xAAAAAA%3D%3D&hl=en-US&shndl=-1&shem=vslcca&source=sh/x/job/li/m1/1#fpstate=tldetail&htivrt=jobs&htiq=Cybersecurity&htidocid=ky-8EQl66e3Zsn8xAAAAAA%3D%3D,,Employee,Full-time,"Dice is the leading career destination for tech experts at every stage of their careers. Our client, Converge Technology Solutions, is seeking the following. Apply via Dice today!

Position Description

This exciting opportunity is a full-time, permanent role with Converge. As an Engineer within the Cybersecurity Strategy & Defense practice, you will act as a trusted advisor to our client base. The Engineer will provide expertise and guidance in technical service delivery efforts, specifically around Incident Response and Endpoint Detection technologies. The Engineer will also be involved in refining IR processes and consulting clients on cybersecurity best practices. We invest heavily in our team members growth with cross-technology and certification training.

Key Responsibilities
• Regularly monitor IR queues and assign tickets based on your area of expertise.
• Triage and resolve tickets using QuickBooks and collaborate with team members as needed.
• Conduct proactive threat hunts by developing hypotheses based on client specific threats and vulnerabilities.
• Create and update IR QuickBooks (runbooks) informed by your experience with detection use cases.
• Participate in required meetings and collaborate on addressing critical issues.
• Develop subject matter expertise (SME) in one or more security technologies.
• Assist with the IR content migration from Splunk Ad-Hoc to Splunk ES (Enterprise Security).

Maintain a comprehensive understanding of the CrowdStrike environment to manage tasks such as:
• Assessing the impact of recent CrowdStrike release notes and technical alerts, and implementing changes in accordance with client change management policies.
• Creating and modifying Fusion workflows to enhance IR operational efficiency.
• Developing and updating custom IOAs to detect specific threats relevant to client.
• Possess a basic understanding of the Splunk environment and the ability to:
• Use SPL (Search Processing Language) proficiently.
• Create and modify saved searches tailored to IR operational needs.

Competencies & Qualifications
• 3+ years of experience in a professional cybersecurity capacity
• 2+ years of experience working within Incident Response
• Experience with EDR tools, especially Crowdstrike is required
• Crowdstrike certifications are a big plus
• Defensive cybersecurity certifications via SANS are a big plus

Work Environment
• Remote, work from home

Total Rewards

We offer a comprehensive total rewards package that includes base salary, quarterly bonus, healthcare benefits, 401k match, company stock match program, PTO/holiday, training/development and so much more. Cybersecurity IR Engineer (remote)","<p>Dice is the leading career destination for tech experts at every stage of their careers. Our client, Converge Technology Solutions, is seeking the following. Apply via Dice today!</p><p>Position Description</p><p>This exciting opportunity is a full-time, permanent role with Converge. As an Engineer within the Cybersecurity Strategy & Defense practice, you will act as a trusted advisor to our client base. The Engineer will provide expertise and guidance in technical service delivery efforts, specifically around Incident Response and Endpoint Detection technologies. The Engineer will also be involved in refining IR processes and consulting clients on cybersecurity best practices. We invest heavily in our team members growth with cross-technology and certification training.</p><p>Key Responsibilities</p><ul><li>Regularly monitor IR queues and assign tickets based on your area of expertise.</li><li>Triage and resolve tickets using QuickBooks and collaborate with team members as needed.</li><li>Conduct proactive threat hunts by developing hypotheses based on client specific threats and vulnerabilities.</li><li>Create and update IR QuickBooks (runbooks) informed by your experience with detection use cases.</li><li>Participate in required meetings and collaborate on addressing critical issues.</li><li>Develop subject matter expertise (SME) in one or more security technologies.</li><li>Assist with the IR content migration from Splunk Ad-Hoc to Splunk ES (Enterprise Security).</li></ul><p>Maintain a comprehensive understanding of the CrowdStrike environment to manage tasks such as:</p><ul><li>Assessing the impact of recent CrowdStrike release notes and technical alerts, and implementing changes in accordance with client change management policies.</li><li>Creating and modifying Fusion workflows to enhance IR operational efficiency.</li><li>Developing and updating custom IOAs to detect specific threats relevant to client.</li><li>Possess a basic understanding of the Splunk environment and the ability to:</li><li>Use SPL (Search Processing Language) proficiently.</li><li>Create and modify saved searches tailored to IR operational needs.</li></ul><p>Competencies & Qualifications</p><ul><li>3+ years of experience in a professional cybersecurity capacity</li><li>2+ years of experience working within Incident Response</li><li>Experience with EDR tools, especially Crowdstrike is required</li><li>Crowdstrike certifications are a big plus</li><li>Defensive cybersecurity certifications via SANS are a big plus</li></ul><p>Work Environment</p><ul><li>Remote, work from home</li></ul><p>Total Rewards</p><p>We offer a comprehensive total rewards package that includes base salary, quarterly bonus, healthcare benefits, 401k match, company stock match program, PTO/holiday, training/development and so much more. Cybersecurity IR Engineer (remote)</p>",2024-09-10T18:32:03.700Z,,Cybersecurity IR Engineer (remote) Dice Anywhere • via LinkedIn,,,,,,
1.61087E+19,https://www.google.com.br/search?ibp=htl;jobs&q=Cybersecurity&htidocid=j-8woR4UdbeNhwobAAAAAA%3D%3D&hl=en-US&shndl=-1&shem=vslcca&source=sh/x/job/li/m1/1#fpstate=tldetail&htivrt=jobs&htiq=Cybersecurity&htidocid=j-8woR4UdbeNhwobAAAAAA%3D%3D,,Employee,Full-time,"Date Posted:
2024-09-09

Country:
United States of America

Location:
TX190: 2501 West University, McKinney 2501 West University , McKinney, TX, 75070 USA

Position Role Type:
Onsite

At Raytheon, the foundation of everything we do is rooted in our values and a higher calling – to help our nation and allies defend freedoms and deter aggression. We bring the strength of more than 100 years of experience and renowned engineering expertise to meet the needs of today’s mission and stay ahead of tomorrow’s threat. Our team solves tough, meaningful problems that create a safer, more secure world.

The Raytheon Product Cybersecurity Officer (PCO) (Director)-P7 is responsible for ensuring Raytheon delivered products are designed, deployed and maintained with due regard to cybersecurity threats and vulnerabilities and in alignment with appropriate corporate and government policies. The PCO is responsible for establishing Raytheon business policies, practices and standards meant to ensure appropriate product security of Raytheon products. The PCO is also responsible for investigating, evaluating and responding to product cybersecurity incidents. This role reports through the Systems Engineering organization.

To be successful in this role, the PCO must excel at working collaboratively with functions across Raytheon (e.g., digital technologies, supply chain, operations, legal) and Strategic Business Unit (SBU) engineering teams (e.g., functional directors, program chief engineers, secure systems and cyber program leads). The PCO will leverage this network of engineering leaders to effectively address incident investigations, process improvements, best practices and other activities. The PCO will partner with Engineering specialties, including the Systems Security Engineering Centers and Cybersecurity Technology Area Lead as a stakeholder in technology roadmaps, IRAD progress, and technology trends as well as collect perspectives on best practices and focus areas for future product cyber focused technology and process improvements. The PCO with support from the Cybersecurity TAL is responsible for establishing the Product Cyber Strategy for the business.

This role requires an understanding of our diverse product portfolio across the SBUs in Raytheon and the cybersecurity technical underpinnings of our solution space, including the design drivers for our embedded and mission systems, awareness of technical trends, and understanding of how our teams execute and implement security solutions on programs. This is an onsite position for staffing at Raytheon.

What You Will Do
• Establish relationships with SBU engineering leaders (Tech Directors, Chief Engineers) to communicate product cybersecurity information and to support Product Cyber Incident Response
• Advise Raytheon strategic business units on their compliance with the RTX Product Cybersecurity policies
• Provide periodic formal reporting and presentations to the Technology and Engineering Vice President
• Provide periodic formal reporting and presentations to the RTX Product Cybersecurity Officer and Corporate Leaders, including the RTX Senior Leadership
• Collaborate with the other Business Unit PCOs in developing best practices, knowledge sharing and enabling sharing of resources
• Serve as the primary Raytheon contact for RTX Corporate Product Cybersecurity and Cyber Operations, Development and Evaluation (CODE) Center
• Establish and manage the Raytheon Product Cybersecurity Incident Response Team, responsible for identifying and responding to all product cybersecurity incidents within Raytheon

Qualifications You Must Have
• Typically requires a Bachelor's degree in Science, Technology, Engineering or Mathematics and a minimum 14 years of experience architecting, designing, implementing, testing, fielding system security and cybersecurity solutions on programs and/or R&D efforts
• Active and transferable U.S. government issued Secret security clearance is required prior to start date. U.S. citizenship is required, as only U.S. citizens are eligible for a security clearance
• Experience in at least one of the following technical areas: anti-tamper solutions, cybersecurity, cryptography, information assurance/Risk Management Framework, SW Assurance, HW assurance, or Supply Chain Risk Management and how they are applied in our products and programs.
• Experience interfacing directly with customers and/or management teams including conducting briefings and technical meetings for management and customer representatives
• Experience as an engineering leader and experience in a related whole lifecycle Systems Engineering role, developing complex systems solutions within a system integrity and Cyber environment
• Ability to obtain program proprietary clearances

Qualifications We Prefer
• Demonstrated experience in cybersecurity incident response activities
• Strong background and proven track record in engineering execution, managing customer requirements, and experience serving in key technical leadership positions
• Experience in Cybersecurity Defense & Resilience as applied by the Federal Government, Department of Defense, or Intelligence Community
• Demonstrated experience leading proposal activities, which include significant cyber work scope
• Demonstrated experience applying Systems Engineering, Hardware Engineering and Software Engineering practices in the development of products and services
• Demonstrated track record shaping or influencing government policies either by standards bodies or direct interaction with customer executives
• Strong communication skills, written, oral and listening skills; strong business acumen and diverse business perspective; ability to think logically and strategically
• Excellent analytical and problem-solving skills
• Demonstrated experience working effectively in matrix environment including working collaboratively with multiple teams across organizations and physical locations
• Demonstrated ability to collaborate effectively and independently with individuals at various levels including the leadership team, and customers

What We Offer
• Our values drive our actions, behaviors, and performance with a vision for a safer, more connected world. At RTX we value: Trust, Respect, Accountability, Collaboration, and Innovation
• Relocation Eligible – Relocation assistance is available

Learn More & Apply Now!

RTX solves some of the toughest challenges in aerospace and defense. That requires expansive thinking and bold innovation – and that, in turn, requires a culture that is diverse, equitable and inclusive.

We embrace individuality and diversity of thought to fuel opportunity for our employees, our customers, and our communities. We work toward progress, knowing that a more inclusive world is critical to our mission. Not just in this moment, but always.

The salary range for this role is 171,000 USD - 343,000 USD. The salary range provided is a good faith estimate representative of all experience levels. RTX considers several factors when extending an offer, including but not limited to, the role, function and associated responsibilities, a candidate’s work experience, location, education/training, and key skills.

Hired applicants may be eligible for benefits, including but not limited to, medical, dental, vision, life insurance, short-term disability, long-term disability, 401(k) match, flexible spending accounts, flexible work schedules, employee assistance program, Employee Scholar Program, parental leave, paid time off, and holidays. Specific benefits are dependent upon the specific business unit as well as whether or not the position is covered by a collective-bargaining agreement.

Hired applicants may be eligible for annual short-term and/or long-term incentive compensation programs depending on the level of the position and whether or not it is covered by a collective-bargaining agreement. Payments under these annual programs are not guaranteed and are dependent upon a variety of factors including, but not limited to, individual performance, business unit performance, and/or the company’s performance.

This role is a U.S.-based role. If the successful candidate resides in a U.S. territory, the appropriate pay structure and benefits will apply.

RTX anticipates the application window closing approximately 40 days from the date the notice was posted. However, factors such as candidate flow and business necessity may require RTX to shorten or extend the application window.

RTX is An Equal Opportunity/Affirmative Action Employer. All qualified applicants will receive consideration for employment without regard to race, color, religion, sex, sexual orientation, gender identity, national origin, disability or veteran status, age or any other federally protected class.

Privacy Policy and Terms:

Click on this link to read the Policy and Terms","<p>Date Posted:</p><p>2024-09-09</p><p>Country:</p><p>United States of America</p><p>Location:</p><p>TX190: 2501 West University, McKinney 2501 West University , McKinney, TX, 75070 USA</p><p>Position Role Type:</p><p>Onsite</p><p>At Raytheon, the foundation of everything we do is rooted in our values and a higher calling – to help our nation and allies defend freedoms and deter aggression. We bring the strength of more than 100 years of experience and renowned engineering expertise to meet the needs of today’s mission and stay ahead of tomorrow’s threat. Our team solves tough, meaningful problems that create a safer, more secure world.</p><p>The Raytheon Product Cybersecurity Officer (PCO) (Director)-P7 is responsible for ensuring Raytheon delivered products are designed, deployed and maintained with due regard to cybersecurity threats and vulnerabilities and in alignment with appropriate corporate and government policies. The PCO is responsible for establishing Raytheon business policies, practices and standards meant to ensure appropriate product security of Raytheon products. The PCO is also responsible for investigating, evaluating and responding to product cybersecurity incidents. This role reports through the Systems Engineering organization.</p><p>To be successful in this role, the PCO must excel at working collaboratively with functions across Raytheon (e.g., digital technologies, supply chain, operations, legal) and Strategic Business Unit (SBU) engineering teams (e.g., functional directors, program chief engineers, secure systems and cyber program leads). The PCO will leverage this network of engineering leaders to effectively address incident investigations, process improvements, best practices and other activities. The PCO will partner with Engineering specialties, including the Systems Security Engineering Centers and Cybersecurity Technology Area Lead as a stakeholder in technology roadmaps, IRAD progress, and technology trends as well as collect perspectives on best practices and focus areas for future product cyber focused technology and process improvements. The PCO with support from the Cybersecurity TAL is responsible for establishing the Product Cyber Strategy for the business.</p><p>This role requires an understanding of our diverse product portfolio across the SBUs in Raytheon and the cybersecurity technical underpinnings of our solution space, including the design drivers for our embedded and mission systems, awareness of technical trends, and understanding of how our teams execute and implement security solutions on programs. This is an onsite position for staffing at Raytheon.</p><p>What You Will Do</p><ul><li>Establish relationships with SBU engineering leaders (Tech Directors, Chief Engineers) to communicate product cybersecurity information and to support Product Cyber Incident Response</li><li>Advise Raytheon strategic business units on their compliance with the RTX Product Cybersecurity policies</li><li>Provide periodic formal reporting and presentations to the Technology and Engineering Vice President</li><li>Provide periodic formal reporting and presentations to the RTX Product Cybersecurity Officer and Corporate Leaders, including the RTX Senior Leadership</li><li>Collaborate with the other Business Unit PCOs in developing best practices, knowledge sharing and enabling sharing of resources</li><li>Serve as the primary Raytheon contact for RTX Corporate Product Cybersecurity and Cyber Operations, Development and Evaluation (CODE) Center</li><li>Establish and manage the Raytheon Product Cybersecurity Incident Response Team, responsible for identifying and responding to all product cybersecurity incidents within Raytheon</li></ul><p>Qualifications You Must Have</p><ul><li>Typically requires a Bachelor's degree in Science, Technology, Engineering or Mathematics and a minimum 14 years of experience architecting, designing, implementing, testing, fielding system security and cybersecurity solutions on programs and/or R&D efforts</li><li>Active and transferable U.S. government issued Secret security clearance is required prior to start date. U.S. citizenship is required, as only U.S. citizens are eligible for a security clearance</li><li>Experience in at least one of the following technical areas: anti-tamper solutions, cybersecurity, cryptography, information assurance/Risk Management Framework, SW Assurance, HW assurance, or Supply Chain Risk Management and how they are applied in our products and programs.</li><li>Experience interfacing directly with customers and/or management teams including conducting briefings and technical meetings for management and customer representatives</li><li>Experience as an engineering leader and experience in a related whole lifecycle Systems Engineering role, developing complex systems solutions within a system integrity and Cyber environment</li><li>Ability to obtain program proprietary clearances</li></ul><p>Qualifications We Prefer</p><ul><li>Demonstrated experience in cybersecurity incident response activities</li><li>Strong background and proven track record in engineering execution, managing customer requirements, and experience serving in key technical leadership positions</li><li>Experience in Cybersecurity Defense & Resilience as applied by the Federal Government, Department of Defense, or Intelligence Community</li><li>Demonstrated experience leading proposal activities, which include significant cyber work scope</li><li>Demonstrated experience applying Systems Engineering, Hardware Engineering and Software Engineering practices in the development of products and services</li><li>Demonstrated track record shaping or influencing government policies either by standards bodies or direct interaction with customer executives</li><li>Strong communication skills, written, oral and listening skills; strong business acumen and diverse business perspective; ability to think logically and strategically</li><li>Excellent analytical and problem-solving skills</li><li>Demonstrated experience working effectively in matrix environment including working collaboratively with multiple teams across organizations and physical locations</li><li>Demonstrated ability to collaborate effectively and independently with individuals at various levels including the leadership team, and customers</li></ul><p>What We Offer</p><ul><li>Our values drive our actions, behaviors, and performance with a vision for a safer, more connected world. At RTX we value: Trust, Respect, Accountability, Collaboration, and Innovation</li><li>Relocation Eligible – Relocation assistance is available</li></ul><p>Learn More & Apply Now!</p><p>RTX solves some of the toughest challenges in aerospace and defense. That requires expansive thinking and bold innovation – and that, in turn, requires a culture that is diverse, equitable and inclusive.</p><p>We embrace individuality and diversity of thought to fuel opportunity for our employees, our customers, and our communities. We work toward progress, knowing that a more inclusive world is critical to our mission. Not just in this moment, but always.</p><p>The salary range for this role is 171,000 USD - 343,000 USD. The salary range provided is a good faith estimate representative of all experience levels. RTX considers several factors when extending an offer, including but not limited to, the role, function and associated responsibilities, a candidate’s work experience, location, education/training, and key skills.</p><p>Hired applicants may be eligible for benefits, including but not limited to, medical, dental, vision, life insurance, short-term disability, long-term disability, 401(k) match, flexible spending accounts, flexible work schedules, employee assistance program, Employee Scholar Program, parental leave, paid time off, and holidays. Specific benefits are dependent upon the specific business unit as well as whether or not the position is covered by a collective-bargaining agreement.</p><p>Hired applicants may be eligible for annual short-term and/or long-term incentive compensation programs depending on the level of the position and whether or not it is covered by a collective-bargaining agreement. Payments under these annual programs are not guaranteed and are dependent upon a variety of factors including, but not limited to, individual performance, business unit performance, and/or the company’s performance.</p><p>This role is a U.S.-based role. If the successful candidate resides in a U.S. territory, the appropriate pay structure and benefits will apply.</p><p>RTX anticipates the application window closing approximately 40 days from the date the notice was posted. However, factors such as candidate flow and business necessity may require RTX to shorten or extend the application window.</p><p>RTX is An Equal Opportunity/Affirmative Action Employer. All qualified applicants will receive consideration for employment without regard to race, color, religion, sex, sexual orientation, gender identity, national origin, disability or veteran status, age or any other federally protected class.</p><p>Privacy Policy and Terms:</p><p>Click on this link to read the Policy and Terms</p>",2024-09-09T14:32:03.701Z,,"Product Cybersecurity Officer-P7 RTX McKinney, TX • via RTX Careers",,,USD,171000,343000,yearly
1.54637E+19,https://www.google.com.br/search?ibp=htl;jobs&q=Cybersecurity&htidocid=eV2H5LRPRU2efBmtAAAAAA%3D%3D&hl=en-US&shndl=-1&shem=vslcca&source=sh/x/job/li/m1/1#fpstate=tldetail&htivrt=jobs&htiq=Cybersecurity&htidocid=eV2H5LRPRU2efBmtAAAAAA%3D%3D,,Employee,Full-time,"Job Purpose

The Senior Cybersecurity Engineer plays a pivotal role in safeguarding the organization’s digital assets, ensuring compliance with regulatory standards, and fostering continuous improvement in risk management and cybersecurity practices. As a key member of the IT team, this individual will significantly influence the direction of cybersecurity strategies and initiatives from the outset.

Duties and Responsibilities
• Lead the development and implementation of cloud-specific security protocols, ensuring the protection of data across all SaaS applications and Azure cloud services.
• Design and manage security strategies that are optimized for a cloud-first environment, focusing on scalability and integration with cloud technologies.
• Conduct security risk assessments specifically for cloud deployments, identifying potential vulnerabilities unique to cloud infrastructure and SaaS platforms.
• Oversee incident response for cloud services, ensuring rapid and effective action in the event of a security breach within the cloud environment.
• Simplify and interpret security data from cloud services into actionable insights for stakeholders, emphasizing the unique aspects of cloud security.
• Standardize and enhance cybersecurity operations with a focus on cloud-based tools and services, leveraging the capabilities of Azure for advanced threat protection.
• Collaborate with cloud service providers and business leaders to mitigate risks associated with cloud computing and SaaS applications.
• Drive compliance with cloud security standards and frameworks, ensuring that all cloud services meet industry and regulatory requirements.
• Develop contingency plans and disaster recovery strategies that are tailored for cloud environments, ensuring business continuity in the face of cloud-specific challenges.
• Maintain a dashboard that provides a comprehensive view of the organization's cloud security posture, integrating data from both Azure and SaaS providers.
• Ensure alignment with CMMC 2.0 standards within the cloud context, adapting the security practices to protect controlled unclassified information across cloud services.
• Pursue CMMC 2.0 certification with a focus on cloud services, demonstrating compliance and a strong security stance within the cloud-first manufacturing environment.

Education, Experience and Certifications
• A Bachelor’s degree in Computer Science, Information Systems, or a related field is required.
• A minimum of 5 years of IT experience, with a strong emphasis on cyber security and compliance within cloud environments.
• Relevant security certifications such as CISSP (Certified Information Systems Security Professional) or CISM (Certified Information Security Manager) are highly desirable.
• Experience with cloud security frameworks and a deep understanding of Azure cloud services.
• Familiarity with CMMC 2.0 standards and experience in guiding an organization through the certification.

Skills and Abilities
• Proficient in compliance standards like NIST-800, SOC, GDPR, SOX.
• Agile in fast-paced environments; adept at managing ambiguity.
• Skilled in Microsoft Azure cloud infrastructure and security.
• Experienced in implementing NIST-800 or similar frameworks.
• Capable of coordinating third-party assessments.
• Proficient in drafting policies, procedures, and controls.
• Versed in Risk Management within compliance and security.
• Able to juggle multiple priorities effectively.
• Open to additional duties as needed for business operations.

Role Classification and Working Conditions

This is a salaried, exempt-level position. This position typically works in an office environment; and given the nature of our business is also exposed to operations/warehouses/production environments.

Physical/Other Requirements
• Ability to lift and/or move up to 30 pounds.

We are not accepting candidates who require sponsorship for this position at this time.","<p>Job Purpose</p><p>The Senior Cybersecurity Engineer plays a pivotal role in safeguarding the organization’s digital assets, ensuring compliance with regulatory standards, and fostering continuous improvement in risk management and cybersecurity practices. As a key member of the IT team, this individual will significantly influence the direction of cybersecurity strategies and initiatives from the outset.</p><p>Duties and Responsibilities</p><ul><li>Lead the development and implementation of cloud-specific security protocols, ensuring the protection of data across all SaaS applications and Azure cloud services.</li><li>Design and manage security strategies that are optimized for a cloud-first environment, focusing on scalability and integration with cloud technologies.</li><li>Conduct security risk assessments specifically for cloud deployments, identifying potential vulnerabilities unique to cloud infrastructure and SaaS platforms.</li><li>Oversee incident response for cloud services, ensuring rapid and effective action in the event of a security breach within the cloud environment.</li><li>Simplify and interpret security data from cloud services into actionable insights for stakeholders, emphasizing the unique aspects of cloud security.</li><li>Standardize and enhance cybersecurity operations with a focus on cloud-based tools and services, leveraging the capabilities of Azure for advanced threat protection.</li><li>Collaborate with cloud service providers and business leaders to mitigate risks associated with cloud computing and SaaS applications.</li><li>Drive compliance with cloud security standards and frameworks, ensuring that all cloud services meet industry and regulatory requirements.</li><li>Develop contingency plans and disaster recovery strategies that are tailored for cloud environments, ensuring business continuity in the face of cloud-specific challenges.</li><li>Maintain a dashboard that provides a comprehensive view of the organization's cloud security posture, integrating data from both Azure and SaaS providers.</li><li>Ensure alignment with CMMC 2.0 standards within the cloud context, adapting the security practices to protect controlled unclassified information across cloud services.</li><li>Pursue CMMC 2.0 certification with a focus on cloud services, demonstrating compliance and a strong security stance within the cloud-first manufacturing environment.</li></ul><p>Education, Experience and Certifications</p><ul><li>A Bachelor’s degree in Computer Science, Information Systems, or a related field is required.</li><li>A minimum of 5 years of IT experience, with a strong emphasis on cyber security and compliance within cloud environments.</li><li>Relevant security certifications such as CISSP (Certified Information Systems Security Professional) or CISM (Certified Information Security Manager) are highly desirable.</li><li>Experience with cloud security frameworks and a deep understanding of Azure cloud services.</li><li>Familiarity with CMMC 2.0 standards and experience in guiding an organization through the certification.</li></ul><p>Skills and Abilities</p><ul><li>Proficient in compliance standards like NIST-800, SOC, GDPR, SOX.</li><li>Agile in fast-paced environments; adept at managing ambiguity.</li><li>Skilled in Microsoft Azure cloud infrastructure and security.</li><li>Experienced in implementing NIST-800 or similar frameworks.</li><li>Capable of coordinating third-party assessments.</li><li>Proficient in drafting policies, procedures, and controls.</li><li>Versed in Risk Management within compliance and security.</li><li>Able to juggle multiple priorities effectively.</li><li>Open to additional duties as needed for business operations.</li></ul><p>Role Classification and Working Conditions</p><p>This is a salaried, exempt-level position. This position typically works in an office environment; and given the nature of our business is also exposed to operations/warehouses/production environments.</p><p>Physical/Other Requirements</p><ul><li>Ability to lift and/or move up to 30 pounds.</li></ul><p>We are not accepting candidates who require sponsorship for this position at this time.</p>",2024-09-05T14:32:03.707Z,,"Senior Cybersecurity Engineer Hyliion Cedar Park, TX • via Hyliion",,,,,,
8.40759E+17,https://www.google.com.br/search?ibp=htl;jobs&q=Cybersecurity&htidocid=7qoWoIhwRcgb2WC0AAAAAA%3D%3D&hl=en-US&shndl=-1&shem=vslcca&source=sh/x/job/li/m1/1#fpstate=tldetail&htivrt=jobs&htiq=Cybersecurity&htidocid=7qoWoIhwRcgb2WC0AAAAAA%3D%3D,,Employee,Full-time,"Job Description
• Designs, implements, and deploys security solutions in compliance with UL Solutions security requirements, policies and standards.
• Develops and manages the security solution lifecycle, including expert-level knowledge of the infrastructure and application, management of the support engagements and reviews of existing technologies to meet the needs of Global Cybersecurity teams.
• Designs secure Public Cloud capabilities according to business requirements and security standards.
• Reviews network topologies to ensure development, test and production environments are separated to reduce the risk of unauthorized changes.
• Reviews data flow and encryption diagrams to ensure data is encrypted at rest and in motion.
• Performs ongoing rationalization of current cyber technology portfolio to identify recommendations to scale, expand, decommission, etc.
• Performs initial high-level risk assessment to identify and validate security-related requirements for system/software and incorporate into the design.
• Supports strategy to integrate acquisitions onto the UL Solutions network and provides secure options for external access to UL networks.
• Tracks and documents external assets and provides documentation to Global Cybersecurity teams for vulnerability assessments.
• Works with IT and internal and external business partners to ensure that security is factored in the evaluation, selection, installation and configuration process of hardware and software.
• Analyzes and makes recommendations to improve network, system and application architectures.
• Assists in the review and update of cyber security policies, architectures and standards.

Qualifications
• University degree (equivalent to a Bachelors degree) in Computer Science, Cybersecurity, or related field with preferably 5 years of experience in cybersecurity.
• Certified Information Systems Security Professional (CISSP) desired
• Network security knowledge, including VPN, firewall, network monitoring, intrusion detection, web server security and mobile devise management, cloud security and governance, OT, and Internet of Things (IoT)
• Strong knowledge of cloud security hardening, secure network design, security solution lifecycle and SDLC
• Experience securing data, providing evidence for audit, and ensuring evidence is documented properly
• Proficient with at least one scripting language (e.g., Perl, Python, and PowerShell)
• Understand business needs and has commitment to delivering high-quality, prompt and efficient service to the business
• Positive attitude towards educational opportunities relevant to the position for career development
• Strong communication skills
• Strong problem- solving and decision - making skills
• Demonstrated commitment to high standards of ethics, regulatory compliance, customer service and business integrity.

What you’ll experience working at UL:
• Mission: For UL Solutions, corporate and social responsibility isn’t new. Making the world a safer, more secure and sustainable place has been our business model for the last 130 years and is deeply engrained in everything we do.
• People: Ask any UL Solutions employee what they love most about working here, and you’ll almost always hear, “the people.” Going beyond what is possible is the standard at UL Solutions. We’re able to deliver the best because we employ the best.
• Interesting work: Every day is different for us here as we eagerly anticipate the next innovation that our customers’ create. We’re inspired to take on the challenge that will transform how people live, work and play. And as a global company, in many roles, you will get international experience working with colleagues around the world.
• Grow & achieve: We learn, work and grow together with targeted development, reward and recognition programs as well as our very own UL University that offers extensive training programs for employees at all stages, including a technical training track for applicable roles.
• Total Rewards: All employees at UL Solutions are eligible for bonus compensation. UL Solutions offers a generous 401k matching structure of up to 5% of eligible pay. Additionally, we invest an additional 4% into your retirement saving fund after your first year of continuous employment. We provide Healthcare Reimbursement Accounts and Health Savings Accounts that UL Solutions contributes to twice per year! Depending on your role, you can work with your manager on flexible working arrangements. We also provide employees with paid time off including vacation, holiday, sick and volunteer time off.

Learn More:

Working at UL Solutions is an exciting journey that twists and turns daily. We thrive in the twists and revel in the turns. This is our every day. This is our normal.

Curious? To learn more about us and the work we do, visit UL.com.

About Us

A global leader in applied safety science, UL Solutions (NYSE: ULS) transforms safety, security and sustainability challenges into opportunities for customers in more than 110 countries. UL Solutions delivers testing, inspection and certification services, together with software products and advisory offerings, that support our customers’ product innovation and business growth. The UL Mark serves as a recognized symbol of trust in our customers’ products and reflects an unwavering commitment to advancing our safety mission. We help our customers innovate, launch new products and services, navigate global markets and complex supply chains, and grow sustainably and responsibly into the future. Our science is your advantage.","<p>Job Description</p><ul><li>Designs, implements, and deploys security solutions in compliance with UL Solutions security requirements, policies and standards.</li><li>Develops and manages the security solution lifecycle, including expert-level knowledge of the infrastructure and application, management of the support engagements and reviews of existing technologies to meet the needs of Global Cybersecurity teams.</li><li>Designs secure Public Cloud capabilities according to business requirements and security standards.</li><li>Reviews network topologies to ensure development, test and production environments are separated to reduce the risk of unauthorized changes.</li><li>Reviews data flow and encryption diagrams to ensure data is encrypted at rest and in motion.</li><li>Performs ongoing rationalization of current cyber technology portfolio to identify recommendations to scale, expand, decommission, etc.</li><li>Performs initial high-level risk assessment to identify and validate security-related requirements for system/software and incorporate into the design.</li><li>Supports strategy to integrate acquisitions onto the UL Solutions network and provides secure options for external access to UL networks.</li><li>Tracks and documents external assets and provides documentation to Global Cybersecurity teams for vulnerability assessments.</li><li>Works with IT and internal and external business partners to ensure that security is factored in the evaluation, selection, installation and configuration process of hardware and software.</li><li>Analyzes and makes recommendations to improve network, system and application architectures.</li><li>Assists in the review and update of cyber security policies, architectures and standards.</li></ul><p>Qualifications</p><ul><li>University degree (equivalent to a Bachelors degree) in Computer Science, Cybersecurity, or related field with preferably 5 years of experience in cybersecurity.</li><li>Certified Information Systems Security Professional (CISSP) desired</li><li>Network security knowledge, including VPN, firewall, network monitoring, intrusion detection, web server security and mobile devise management, cloud security and governance, OT, and Internet of Things (IoT)</li><li>Strong knowledge of cloud security hardening, secure network design, security solution lifecycle and SDLC</li><li>Experience securing data, providing evidence for audit, and ensuring evidence is documented properly</li><li>Proficient with at least one scripting language (e.g., Perl, Python, and PowerShell)</li><li>Understand business needs and has commitment to delivering high-quality, prompt and efficient service to the business</li><li>Positive attitude towards educational opportunities relevant to the position for career development</li><li>Strong communication skills</li><li>Strong problem- solving and decision - making skills</li><li>Demonstrated commitment to high standards of ethics, regulatory compliance, customer service and business integrity.</li></ul><p>What you’ll experience working at UL:</p><ul><li>Mission: For UL Solutions, corporate and social responsibility isn’t new. Making the world a safer, more secure and sustainable place has been our business model for the last 130 years and is deeply engrained in everything we do.</li><li>People: Ask any UL Solutions employee what they love most about working here, and you’ll almost always hear, “the people.” Going beyond what is possible is the standard at UL Solutions. We’re able to deliver the best because we employ the best.</li><li>Interesting work: Every day is different for us here as we eagerly anticipate the next innovation that our customers’ create. We’re inspired to take on the challenge that will transform how people live, work and play. And as a global company, in many roles, you will get international experience working with colleagues around the world.</li><li>Grow & achieve: We learn, work and grow together with targeted development, reward and recognition programs as well as our very own UL University that offers extensive training programs for employees at all stages, including a technical training track for applicable roles.</li><li>Total Rewards: All employees at UL Solutions are eligible for bonus compensation. UL Solutions offers a generous 401k matching structure of up to 5% of eligible pay. Additionally, we invest an additional 4% into your retirement saving fund after your first year of continuous employment. We provide Healthcare Reimbursement Accounts and Health Savings Accounts that UL Solutions contributes to twice per year! Depending on your role, you can work with your manager on flexible working arrangements. We also provide employees with paid time off including vacation, holiday, sick and volunteer time off.</li></ul><p>Learn More:</p><p>Working at UL Solutions is an exciting journey that twists and turns daily. We thrive in the twists and revel in the turns. This is our every day. This is our normal.</p><p>Curious? To learn more about us and the work we do, visit UL.com.</p><p>About Us</p><p>A global leader in applied safety science, UL Solutions (NYSE: ULS) transforms safety, security and sustainability challenges into opportunities for customers in more than 110 countries. UL Solutions delivers testing, inspection and certification services, together with software products and advisory offerings, that support our customers’ product innovation and business growth. The UL Mark serves as a recognized symbol of trust in our customers’ products and reflects an unwavering commitment to advancing our safety mission. We help our customers innovate, launch new products and services, navigate global markets and complex supply chains, and grow sustainably and responsibly into the future. Our science is your advantage.</p>",2024-09-10T16:32:03.709Z,,"Global Cybersecurity Engineer UL Solutions Northbrook, IL • via LinkedIn",,,,,,
6.63976E+18,https://www.google.com.br/search?ibp=htl;jobs&q=Cybersecurity&htidocid=wdObXNU5VpUKwW6TAAAAAA%3D%3D&hl=en-US&shndl=-1&shem=vslcca&source=sh/x/job/li/m1/1#fpstate=tldetail&htivrt=jobs&htiq=Cybersecurity&htidocid=wdObXNU5VpUKwW6TAAAAAA%3D%3D,,Employee,Full-time,"Take your engineering expertise to new heights by joining a team of exceptionally talented professionals and solidify your place among top performers in the industry.

As a Principal Cybersecurity Architect at JPMorgan Chase within the Cybersecurity and Technology Controls organization, you provide expertise to enhance and develop architecture platforms based on modern cloud-based technologies as well as support the adoption of strategic global solutions. Leverage your advanced architecture capabilities to identify, communicate, and mitigate risk, and collaborate with colleagues across the organization to drive best-in-class outcomes.

We are looking for an experienced Principal Cybersecurity Architect to join our team as a specialist in Cloud Security. The candidate will be responsible for designing secure cloud infrastructure architectures for our enterprise Artificial Intelligence/Machine Learning (AI/ML) applications. The role requires a cloud security leader who is passionate about AI/ML architecture and can solve complex security configurations through innovation. You will apply your in-depth cloud security knowledge and expertise to all aspects of AI/ML development lifecycle, as well as partner continuously with your many product stakeholders. You’ll work in a collaborative, trusting, thought-provoking environment—one that encourages diversity of thought and creative solutions that are in the best interests of our customers.

Job responsibilities
• Provide thought leadership for securing on premise and cloud based AI/ML solution architecture
• Design comprehensive security architectures for cloud infrastructure projects
• Design secure networks and systems based on industry standards and best practices
• Identify and address security vulnerabilities, security risks, and other compliance issues
• Perform regular audits of all cloud infrastructure
• Participate in application and system hardening activities
• Develop and document security policies, procedures, and processes
• Conduct security risk assessments using various tools and processes
• Create and communicate threat models
• Partner with product managers to identify, quantify, and communicate all security risks.
• Drive innovation and ensure that JPMC maximizes the business benefits while minimizing security risk across your product

Required qualifications, capabilities, and skills
• Formal training or certification on software engineering concepts and 10+ years applied experience
• Advanced Technical knowledge in architecting, designing, and Integrating security solutions in a large-scale enterprise of highly distributed applications
• Experience designing/delivering secure cloud infrastructure architectures for our enterprise AI/ML applications
• Strong knowledge of AI/ML security concepts, threats, and vulnerabilities including Generative AI and Large Language Models
• Demonstrated proficiency in software applications and technical processes within artificial intelligence and/or machine learning.
• Practical cloud native experience with an understanding of cloud computing concepts and services such as AWS, Azure, GCP, etc
• Hands-on practical experience with Threat Models.
• Advanced in one or more programming languages
• Proficiency in all aspects of the Software Development Life Cycle​ and Model Development Life Cycle
• Advanced understanding of agile methodologies such as continuous integration and delivery, application resiliency, and security​
• Ability to evaluate current and emerging technologies to recommend the best solutions for the future state architecture
• Ability to present and effectively communicate with senior leaders and executives

Preferred qualifications, capabilities, and skills
• Knowledge of networking protocols and techniques, such as TCP/IP, routing, DNS, DHCP, etc.
• Knowledge of IAM concepts, including but not limited to: provisioning, RBAC, ABAC, SCIM, LDAP, federated identity platforms/products and Privileged Access Management
• Experience with API security and public cloud API integration
• Experience developing and understanding information security architecture, mitigation of threats, and compensating controls.
• Deep familiarity with frameworks such as NIST 800-53, OWASP, CVSS, the MITRE ATT&CK framework, MITRE Atlas, PCI, and Gramm-Leach-Bliley Act (GLBA).
• Experience using cloud Infrastructure as Code (IaC) using frameworks like Terraform
• Experience with microservices designs and implementations including docker, Kubernetes, helm","<p>Take your engineering expertise to new heights by joining a team of exceptionally talented professionals and solidify your place among top performers in the industry.</p><p>As a Principal Cybersecurity Architect at JPMorgan Chase within the Cybersecurity and Technology Controls organization, you provide expertise to enhance and develop architecture platforms based on modern cloud-based technologies as well as support the adoption of strategic global solutions. Leverage your advanced architecture capabilities to identify, communicate, and mitigate risk, and collaborate with colleagues across the organization to drive best-in-class outcomes.</p><p>We are looking for an experienced Principal Cybersecurity Architect to join our team as a specialist in Cloud Security. The candidate will be responsible for designing secure cloud infrastructure architectures for our enterprise Artificial Intelligence/Machine Learning (AI/ML) applications. The role requires a cloud security leader who is passionate about AI/ML architecture and can solve complex security configurations through innovation. You will apply your in-depth cloud security knowledge and expertise to all aspects of AI/ML development lifecycle, as well as partner continuously with your many product stakeholders. You’ll work in a collaborative, trusting, thought-provoking environment—one that encourages diversity of thought and creative solutions that are in the best interests of our customers.</p><p>Job responsibilities</p><ul><li>Provide thought leadership for securing on premise and cloud based AI/ML solution architecture</li><li>Design comprehensive security architectures for cloud infrastructure projects</li><li>Design secure networks and systems based on industry standards and best practices</li><li>Identify and address security vulnerabilities, security risks, and other compliance issues</li><li>Perform regular audits of all cloud infrastructure</li><li>Participate in application and system hardening activities</li><li>Develop and document security policies, procedures, and processes</li><li>Conduct security risk assessments using various tools and processes</li><li>Create and communicate threat models</li><li>Partner with product managers to identify, quantify, and communicate all security risks.</li><li>Drive innovation and ensure that JPMC maximizes the business benefits while minimizing security risk across your product</li></ul><p>Required qualifications, capabilities, and skills</p><ul><li>Formal training or certification on software engineering concepts and 10+ years applied experience</li><li>Advanced Technical knowledge in architecting, designing, and Integrating security solutions in a large-scale enterprise of highly distributed applications</li><li>Experience designing/delivering secure cloud infrastructure architectures for our enterprise AI/ML applications</li><li>Strong knowledge of AI/ML security concepts, threats, and vulnerabilities including Generative AI and Large Language Models</li><li>Demonstrated proficiency in software applications and technical processes within artificial intelligence and/or machine learning.</li><li>Practical cloud native experience with an understanding of cloud computing concepts and services such as AWS, Azure, GCP, etc</li><li>Hands-on practical experience with Threat Models.</li><li>Advanced in one or more programming languages</li><li>Proficiency in all aspects of the Software Development Life Cycle​ and Model Development Life Cycle</li><li>Advanced understanding of agile methodologies such as continuous integration and delivery, application resiliency, and security​</li><li>Ability to evaluate current and emerging technologies to recommend the best solutions for the future state architecture</li><li>Ability to present and effectively communicate with senior leaders and executives</li></ul><p>Preferred qualifications, capabilities, and skills</p><ul><li>Knowledge of networking protocols and techniques, such as TCP/IP, routing, DNS, DHCP, etc.</li><li>Knowledge of IAM concepts, including but not limited to: provisioning, RBAC, ABAC, SCIM, LDAP, federated identity platforms/products and Privileged Access Management</li><li>Experience with API security and public cloud API integration</li><li>Experience developing and understanding information security architecture, mitigation of threats, and compensating controls.</li><li>Deep familiarity with frameworks such as NIST 800-53, OWASP, CVSS, the MITRE ATT&CK framework, MITRE Atlas, PCI, and Gramm-Leach-Bliley Act (GLBA).</li><li>Experience using cloud Infrastructure as Code (IaC) using frameworks like Terraform</li><li>Experience with microservices designs and implementations including docker, Kubernetes, helm</li></ul>",2024-09-10T20:32:03.713Z,,"Principal Cybersecurity Architect - AI ML Security JPMC Candidate Experience page Plano, TX • via JPMorgan Chase Login",,,,,,
1.29499E+19,https://www.google.com.br/search?ibp=htl;jobs&q=Cybersecurity&htidocid=9ckLdOkw4BBZXDZXAAAAAA%3D%3D&hl=en-US&shndl=-1&shem=vslcca&source=sh/x/job/li/m1/1#fpstate=tldetail&htivrt=jobs&htiq=Cybersecurity&htidocid=9ckLdOkw4BBZXDZXAAAAAA%3D%3D,,Employee,Full-time,"This position is being recruited under 10 USC 1599f into the Cyber Excepted Service and does NOT convey eligibility to be converted to the Competitive Service. It has been identified as a position necessary to carry out and support the mission of the US Cyber Command.

It is in the PROFESSIONAL Work Category at the SENIOR Work Level within the CES Occupational Structure. It is located in the DISA - FE/Special Services/Infrastructure.",<p>This position is being recruited under 10 USC 1599f into the Cyber Excepted Service and does NOT convey eligibility to be converted to the Competitive Service. It has been identified as a position necessary to carry out and support the mission of the US Cyber Command.</p><p>It is in the PROFESSIONAL Work Category at the SENIOR Work Level within the CES Occupational Structure. It is located in the DISA - FE/Special Services/Infrastructure.</p>,2024-09-05T14:32:03.716Z,,IT CYBERSECURITY SPECIALIST (INFOSEC) Defense Information Systems Agency Texas • via USAJobs,,,,,,
6.95783E+18,https://www.google.com.br/search?ibp=htl;jobs&q=Cybersecurity&htidocid=3N1bcxM76akq-Uh4AAAAAA%3D%3D&hl=en-US&shndl=-1&shem=vslcca&source=sh/x/job/li/m1/1#fpstate=tldetail&htivrt=jobs&htiq=Cybersecurity&htidocid=3N1bcxM76akq-Uh4AAAAAA%3D%3D,,Employee,Full-time,"We can't predict what the future holds, but we know Texas Instruments will have a part in shaping it.

Cybersecurity has become critical to the fabric of any modern business. Our passion to create a better world by making electronics more affordable through semiconductors is alive today as we help our customers develop new applications, particularly in the industrial and automotive markets. In cybersecurity, we help keep our diverse environment from design, manufacturing, eCommerce, and enterprise secure. The IT Security team is looking for a passionate cybersecurity engineer who wants to make an impact in multiple environments.

Texas Instruments is looking for a detailed and results oriented individual to become a part of our global Information Technology Security team as a cybersecurity engineer. This role is critical to the strategic and tactical success of TI’s cybersecurity program. The ideal candidate will have a deep technical background in cybersecurity working with a variety of security solutions.

Responsibilities you will own:
• Design, implement and maintain cybersecurity controls for security tools to help drive zero trust and secure by design principles across complex environments
• Partner with and help coach other teams through threat modelling
• Validate and test security configurations and controls to a variety of security (e.g., firewalls, email gateway, WAFs, DLP, endpoint protection, baselines, etc.)
• Analyze and recommend improvements to the design of solutions and their security controls
• Support a SIEM infrastructure along with log onboarding, data product completeness, monitoring the overall health of the solution for efficacy.
• Develop SIEM dashboards and advanced searching to help support other teams
• Maintain comprehensive documentation of security best practices and requirements as well as writing/updating procedures to support security tools.
• Stay current with emerging trends, standards, and technologies to drive innovation.
• Support operations of the IT Security Tool stack across multiple implementations and operating systems
• Help review and implement secure SaaS and private cloud solutions across multiple deployments
• Engage with stakeholders to understand their business and processes to provide more secure solutions

Required Qualifications:
• Bachelor’s degree in Computer Science, Cybersecurity, Information technology, or related field.
• 2+ years of relevant Experience in cybersecurity field

What we will look for:
• Demonstrate commitment to high standards of ethics and values, regulatory compliance, and business integrity
• Commitment to high standards of ethics and values, regulatory compliance, and business integrity.
• Hands-on experience planning, collaborating, and leading the execution of secure solutions with minimal oversight
• A technical leader with strong analytical and problem-solving skills who will identify and mitigate security risks
• Strong written and verbal communication skills, able to effectively communicate with technical and non-technical stakeholders at all levels of the organization.
• Strong decision-making, problem-solving abilities, and ability to manage multiple, often conflicting priorities to successful completion.
• Knowledge in multiple security domains (e.g., Cloud, Endpoint, Network, IAM, DevSecOps, etc.)
• Knowledge of security frameworks (e.g., NIST CSF, ISO 27001, MITRE ATT&CK, OWASP Top 10)

What can differentiate you:
• Industry standard security certifications
• Showcase using critical thinking, pragmatic and data driven approaches to make secure decisions
• Ability to articulate complex issues succinctly
• Converting knowledge of adversaries’ tactics, techniques, and procedures (TTPs) to SIEM risk based detections
• Ability to understand coding or scripting languages

Texas Instruments is an equal opportunity employer and supports a diverse, inclusive work environment. All qualified applicants will receive consideration for employment without regard to race, color, religion, creed, disability, genetic information, national origin, gender, gender identity and expression, age, sexual orientation, marital status, veteran status, or any other characteristic protected by federal, state, or local laws.

If you are interested in this position, please apply to this requisition.","<p>We can't predict what the future holds, but we know Texas Instruments will have a part in shaping it.</p><p>Cybersecurity has become critical to the fabric of any modern business. Our passion to create a better world by making electronics more affordable through semiconductors is alive today as we help our customers develop new applications, particularly in the industrial and automotive markets. In cybersecurity, we help keep our diverse environment from design, manufacturing, eCommerce, and enterprise secure. The IT Security team is looking for a passionate cybersecurity engineer who wants to make an impact in multiple environments.</p><p>Texas Instruments is looking for a detailed and results oriented individual to become a part of our global Information Technology Security team as a cybersecurity engineer. This role is critical to the strategic and tactical success of TI’s cybersecurity program. The ideal candidate will have a deep technical background in cybersecurity working with a variety of security solutions.</p><p>Responsibilities you will own:</p><ul><li>Design, implement and maintain cybersecurity controls for security tools to help drive zero trust and secure by design principles across complex environments</li><li>Partner with and help coach other teams through threat modelling</li><li>Validate and test security configurations and controls to a variety of security (e.g., firewalls, email gateway, WAFs, DLP, endpoint protection, baselines, etc.)</li><li>Analyze and recommend improvements to the design of solutions and their security controls</li><li>Support a SIEM infrastructure along with log onboarding, data product completeness, monitoring the overall health of the solution for efficacy.</li><li>Develop SIEM dashboards and advanced searching to help support other teams</li><li>Maintain comprehensive documentation of security best practices and requirements as well as writing/updating procedures to support security tools.</li><li>Stay current with emerging trends, standards, and technologies to drive innovation.</li><li>Support operations of the IT Security Tool stack across multiple implementations and operating systems</li><li>Help review and implement secure SaaS and private cloud solutions across multiple deployments</li><li>Engage with stakeholders to understand their business and processes to provide more secure solutions</li></ul><p>Required Qualifications:</p><ul><li>Bachelor’s degree in Computer Science, Cybersecurity, Information technology, or related field.</li><li>2+ years of relevant Experience in cybersecurity field</li></ul><p>What we will look for:</p><ul><li>Demonstrate commitment to high standards of ethics and values, regulatory compliance, and business integrity</li><li>Commitment to high standards of ethics and values, regulatory compliance, and business integrity.</li><li>Hands-on experience planning, collaborating, and leading the execution of secure solutions with minimal oversight</li><li>A technical leader with strong analytical and problem-solving skills who will identify and mitigate security risks</li><li>Strong written and verbal communication skills, able to effectively communicate with technical and non-technical stakeholders at all levels of the organization.</li><li>Strong decision-making, problem-solving abilities, and ability to manage multiple, often conflicting priorities to successful completion.</li><li>Knowledge in multiple security domains (e.g., Cloud, Endpoint, Network, IAM, DevSecOps, etc.)</li><li>Knowledge of security frameworks (e.g., NIST CSF, ISO 27001, MITRE ATT&CK, OWASP Top 10)</li></ul><p>What can differentiate you:</p><ul><li>Industry standard security certifications</li><li>Showcase using critical thinking, pragmatic and data driven approaches to make secure decisions</li><li>Ability to articulate complex issues succinctly</li><li>Converting knowledge of adversaries’ tactics, techniques, and procedures (TTPs) to SIEM risk based detections</li><li>Ability to understand coding or scripting languages</li></ul><p>Texas Instruments is an equal opportunity employer and supports a diverse, inclusive work environment. All qualified applicants will receive consideration for employment without regard to race, color, religion, creed, disability, genetic information, national origin, gender, gender identity and expression, age, sexual orientation, marital status, veteran status, or any other characteristic protected by federal, state, or local laws.</p><p>If you are interested in this position, please apply to this requisition.</p>",2024-09-08T14:32:03.718Z,,"Cybersecurity Engineer Texas Instruments Dallas, TX • via Texas Instruments Careers - TI.com",,,,,,
